timestamp,views
2025-04-19 10:07:58,88
2025-04-19 11:05:38,91
2025-04-19 12:13:37,96
2025-04-19 13:15:24,96
2025-04-19 14:07:33,96
2025-04-19 15:07:40,96
2025-04-19 16:08:51,96
2025-04-19 17:06:54,96
2025-04-19 18:10:10,96
2025-04-19 19:05:51,96
2025-04-19 20:08:54,99
2025-04-19 21:06:55,99
2025-04-20 22:30:24,112
2025-04-20 22:31:18,112
2025-04-20 22:31:35,114
2025-04-20 22:07:45,137
2025-04-20 23:08:04,149
2025-04-21 00:44:53,149
2025-04-21 02:26:45,150
2025-04-21 03:34:09,154
2025-04-21 04:12:21,160
2025-04-21 05:10:00,160
2025-04-21 06:13:33,160
2025-04-21 07:09:43,166
2025-04-21 08:13:11,167
2025-04-21 09:10:14,167
2025-04-21 10:09:46,167
2025-04-21 11:07:55,167
2025-04-21 12:15:52,167
2025-04-21 13:19:09,167
2025-04-21 14:08:58,171
2025-04-21 15:09:05,171
2025-04-21 16:10:26,171
2025-04-21 17:07:56,171
2025-04-21 18:11:50,171
2025-04-21 19:07:14,171
2025-04-21 20:10:15,171
2025-04-21 21:08:16,171
2025-04-21 22:08:52,171
2025-04-21 23:08:15,171
2025-04-22 00:42:31,171
2025-04-22 02:21:58,171
2025-04-22 03:28:52,171
2025-04-22 04:11:01,171
2025-04-22 05:09:46,171
2025-04-22 06:13:14,171
2025-04-22 07:09:36,171
2025-04-22 08:12:56,175
2025-04-22 09:09:53,177
2025-04-22 10:09:43,185
2025-04-22 11:08:07,187
2025-04-22 12:16:04,187
2025-04-22 13:20:51,194
2025-04-22 14:09:23,194
2025-04-22 15:09:16,194
2025-04-22 16:11:02,194
2025-04-22 17:08:13,200
2025-04-22 18:12:22,209
2025-04-22 19:07:19,209
2025-04-22 20:10:01,209
2025-04-22 21:07:56,209
2025-04-22 22:08:11,209
2025-04-22 23:08:01,212
2025-04-23 00:42:22,214
2025-04-23 02:22:36,214
2025-04-23 03:29:32,214
2025-04-23 04:11:28,214
2025-04-23 05:09:37,214
2025-04-23 06:13:18,214
2025-04-23 07:10:51,218
2025-04-23 08:12:45,224
2025-04-23 09:10:21,224
2025-04-23 10:10:25,224
2025-04-23 11:08:07,229
2025-04-23 12:16:17,229
2025-04-23 13:21:19,234
2025-04-23 14:09:32,234
2025-04-23 15:09:40,234
2025-04-23 16:11:31,238
2025-04-23 17:08:31,241
2025-04-23 18:12:34,241
2025-04-23 19:07:05,241
2025-04-23 20:10:37,241
2025-04-23 21:08:17,241
2025-04-23 22:08:25,241
2025-04-23 23:09:00,241
2025-04-24 00:42:18,241
2025-04-24 02:23:38,241
2025-04-24 03:31:15,241
2025-04-24 04:11:21,241
2025-04-24 05:09:40,241
2025-04-24 06:13:07,241
2025-04-24 07:09:35,245
2025-04-24 08:12:55,245
2025-04-24 09:09:58,250
2025-04-24 10:10:29,250
2025-04-24 11:08:04,250
2025-04-24 12:16:46,250
2025-04-24 13:21:54,250
2025-04-24 14:08:11,250
2025-04-24 15:09:45,250
2025-04-24 16:11:21,250
2025-04-24 17:08:18,250
2025-04-24 18:11:20,250
2025-04-24 19:03:35,250
2025-04-24 20:10:05,254
2025-04-24 21:08:03,254
2025-04-24 22:08:14,254
2025-04-24 23:08:38,254
2025-04-25 00:42:42,254
2025-04-25 02:23:55,254
2025-04-25 03:30:30,254
2025-04-25 04:11:16,254
2025-04-25 05:09:32,254
2025-04-25 06:12:58,254
2025-04-25 07:09:12,254
2025-04-25 08:13:07,255
2025-04-25 09:09:53,255
2025-04-25 10:09:38,255
2025-04-25 11:07:41,255
2025-04-25 12:16:05,255
2025-04-25 13:19:50,255
2025-04-25 14:08:37,255
2025-04-25 15:08:58,255
2025-04-25 16:10:47,255
2025-04-25 17:07:51,255
2025-04-25 18:12:30,255
2025-04-25 19:07:20,255
2025-04-25 20:09:51,255
2025-04-25 21:08:04,255
2025-04-25 22:08:10,255
2025-04-25 23:08:12,256
2025-04-26 00:41:17,256
2025-04-26 02:18:39,256
2025-04-26 03:24:47,256
2025-04-26 04:10:19,256
2025-04-26 05:08:32,256
2025-04-26 06:11:16,256
2025-04-26 07:07:50,256
2025-04-26 08:10:35,256
2025-04-26 09:08:06,256
2025-04-26 10:08:08,256
2025-04-26 11:06:49,256
2025-04-26 12:13:57,256
2025-04-26 13:15:54,256
2025-04-26 14:07:21,256
2025-04-26 15:07:34,256
2025-04-26 16:08:48,256
2025-04-26 17:06:39,256
2025-04-26 18:10:19,256
2025-04-26 19:03:12,256
2025-04-26 20:08:50,256
2025-04-26 21:07:09,256
2025-04-26 22:07:36,258
2025-04-26 23:07:55,263
2025-04-27 00:45:54,263
2025-04-27 02:27:33,266
2025-04-27 03:31:28,266
2025-04-27 04:10:40,266
2025-04-27 05:08:50,266
2025-04-27 06:11:44,266
2025-04-27 07:07:56,266
2025-04-27 08:10:27,267
2025-04-27 09:07:47,267
2025-04-27 10:08:11,267
2025-04-27 11:05:30,269
2025-04-27 12:14:24,269
2025-04-27 13:16:20,269
2025-04-27 14:07:18,269
2025-04-27 15:07:45,269
2025-04-27 16:08:55,276
2025-04-27 17:07:32,276
2025-04-27 18:10:33,276
2025-04-27 19:07:43,276
2025-04-27 20:09:06,276
2025-04-27 21:07:30,276
2025-04-27 22:07:49,276
2025-04-27 23:08:02,276
2025-04-28 00:44:33,276
2025-04-28 02:27:11,276
2025-04-28 03:34:13,276
2025-04-28 04:12:27,276
2025-04-28 05:13:16,276
2025-04-28 06:20:57,276
2025-04-28 07:34:42,276
2025-04-28 08:30:25,276
2025-04-28 10:43:03,278
2025-04-28 11:30:10,278
2025-04-28 12:16:23,279
2025-04-28 13:33:26,279
2025-04-28 14:10:16,279
2025-04-28 15:09:42,279
2025-04-28 16:10:44,279
2025-04-28 17:07:58,279
2025-04-28 18:13:09,279
2025-04-28 19:07:11,279
2025-04-28 20:10:00,281
2025-04-28 21:07:39,281
2025-04-28 22:08:37,281
2025-04-28 23:08:33,282
2025-04-29 00:42:54,285
2025-04-29 02:23:55,289
2025-04-29 03:31:01,289
2025-04-29 04:10:57,289
2025-04-29 05:09:55,289
2025-04-29 06:13:51,289
2025-04-29 07:10:25,289
2025-04-29 08:13:57,290
2025-04-29 09:10:11,290
2025-04-29 10:10:24,290
2025-04-29 11:08:09,290
2025-04-29 12:17:24,290
2025-04-29 13:25:52,290
2025-04-29 14:09:41,290
2025-04-29 15:09:23,290
2025-04-29 16:11:03,290
2025-04-29 17:08:30,290
2025-04-29 18:12:53,290
2025-04-29 19:07:17,290
2025-04-29 20:10:15,290
2025-04-29 21:08:13,290
2025-04-29 22:08:16,290
2025-04-29 23:08:28,290
2025-04-30 00:43:11,291
2025-04-30 02:23:44,291
2025-04-30 03:31:03,292
2025-04-30 04:11:14,292
2025-04-30 05:09:45,292
2025-04-30 06:13:15,292
2025-04-30 07:09:31,292
2025-04-30 08:12:39,292
2025-04-30 09:09:54,301
2025-04-30 10:10:06,301
2025-04-30 11:07:56,301
2025-04-30 12:15:59,301
2025-04-30 13:20:38,304
2025-04-30 14:09:08,304
2025-04-30 15:09:48,304
2025-04-30 16:11:03,304
2025-04-30 17:08:07,304
2025-04-30 18:12:21,304
2025-04-30 19:07:19,304
2025-04-30 20:10:06,304
2025-04-30 21:08:20,304
2025-04-30 22:08:22,304
2025-04-30 23:08:57,306
2025-05-01 00:49:03,309
2025-05-01 02:40:47,309
2025-05-01 03:39:19,309
2025-05-01 04:14:59,309
2025-05-01 05:09:58,309
2025-05-01 06:13:40,309
2025-05-01 07:09:51,309
2025-05-01 08:12:24,309
2025-05-01 09:09:38,310
2025-05-01 10:09:44,311
2025-05-01 11:07:45,311
2025-05-01 12:15:46,311
2025-05-01 13:19:33,311
2025-05-01 14:08:35,311
2025-05-01 15:08:51,311
2025-05-01 16:11:07,318
2025-05-01 17:08:01,318
2025-05-01 18:12:26,318
2025-05-01 19:07:05,318
2025-05-01 20:09:46,318
2025-05-01 21:08:15,318
2025-05-01 22:08:18,319
2025-05-01 23:08:58,319
2025-05-02 00:43:07,319
2025-05-02 02:24:38,319
2025-05-02 03:33:49,319
2025-05-02 04:11:18,319
2025-05-02 05:09:51,319
2025-05-02 06:13:00,319
2025-05-02 07:09:29,319
2025-05-02 08:12:19,319
2025-05-02 09:09:37,319
2025-05-02 10:09:50,319
2025-05-02 11:07:58,321
2025-05-02 12:16:07,322
2025-05-02 13:20:29,322
2025-05-02 14:08:47,322
2025-05-02 15:08:58,322
2025-05-02 16:10:52,322
2025-05-02 17:08:12,322
2025-05-02 18:12:20,322
2025-05-02 19:07:26,322
2025-05-02 20:10:01,325
2025-05-02 21:08:01,325
2025-05-02 22:08:28,325
2025-05-02 23:08:30,325
2025-05-03 00:41:48,325
2025-05-03 02:21:33,325
2025-05-03 03:29:26,325
2025-05-03 04:10:34,325
2025-05-03 05:08:51,326
2025-05-03 06:11:31,326
2025-05-03 07:08:01,326
2025-05-03 08:10:31,326
2025-05-03 09:08:18,326
2025-05-03 10:08:04,326
2025-05-03 11:07:01,326
2025-05-03 12:14:21,331
2025-05-03 13:16:52,331
2025-05-03 14:07:24,331
2025-05-03 15:07:50,331
2025-05-03 16:09:30,342
2025-05-03 17:06:53,342
2025-05-03 18:10:45,350
2025-05-03 19:04:47,350
2025-05-03 20:08:47,350
2025-05-03 21:07:29,350
2025-05-03 22:07:54,353
2025-05-03 23:08:07,360
2025-05-04 00:48:39,362
2025-05-04 02:40:38,362
2025-05-04 03:38:00,362
2025-05-04 04:13:03,362
2025-05-04 05:09:01,362
2025-05-04 06:12:25,362
2025-05-04 07:08:15,362
2025-05-04 08:11:01,362
2025-05-04 09:08:14,366
2025-05-04 10:08:38,366
2025-05-04 11:07:09,366
2025-05-04 12:14:52,366
2025-05-04 13:17:13,366
2025-05-04 14:07:11,366
2025-05-04 15:07:59,366
2025-05-04 16:09:23,366
2025-05-04 17:06:56,366
2025-05-04 18:10:43,366
2025-05-04 19:05:41,366
2025-05-04 20:09:09,366
2025-05-04 21:07:51,366
2025-05-04 22:08:02,367
2025-05-04 23:08:00,367
2025-05-05 00:46:06,367
2025-05-05 02:28:44,367
2025-05-05 03:35:59,367
2025-05-05 04:13:15,367
2025-05-05 05:10:28,367
2025-05-05 06:14:09,373
2025-05-05 07:10:11,373
2025-05-05 08:13:45,373
2025-05-05 09:10:37,373
2025-05-05 10:10:15,373
2025-05-05 11:08:00,373
2025-05-05 12:16:27,373
2025-05-05 13:21:56,373
2025-05-05 14:09:17,373
2025-05-05 15:09:29,373
2025-05-05 16:11:35,373
2025-05-05 17:08:11,373
2025-05-05 18:10:17,373
2025-05-05 19:06:50,373
2025-05-05 20:10:16,373
2025-05-05 21:08:10,373
2025-05-05 22:08:43,376
2025-05-05 23:08:41,376
2025-05-06 00:43:50,376
2025-05-06 02:25:22,376
2025-05-06 03:32:57,376
2025-05-06 04:11:47,376
2025-05-06 05:09:35,376
2025-05-06 06:13:14,376
2025-05-06 07:09:43,376
2025-05-06 08:13:24,376
2025-05-06 09:10:06,376
2025-05-06 10:10:13,376
2025-05-06 11:08:11,376
2025-05-06 12:18:12,376
2025-05-06 13:24:01,376
2025-05-06 14:09:21,376
2025-05-06 15:11:37,376
2025-05-06 16:11:02,376
2025-05-06 17:08:22,376
2025-05-06 18:12:32,376
2025-05-06 19:07:01,376
2025-05-06 20:10:21,376
2025-05-06 21:08:17,376
2025-05-06 22:08:18,384
2025-05-06 23:08:45,387
2025-05-07 00:43:36,387
2025-05-07 02:26:32,387
2025-05-07 03:34:22,387
2025-05-07 04:12:02,387
2025-05-07 05:09:49,387
2025-05-07 06:13:27,387
2025-05-07 07:09:39,387
2025-05-07 08:13:48,387
2025-05-07 09:10:23,388
2025-05-07 10:10:17,388
2025-05-07 11:08:23,388
2025-05-07 12:17:17,388
2025-05-07 13:25:16,388
2025-05-07 14:09:50,388
2025-05-07 15:09:49,388
2025-05-07 16:11:25,388
2025-05-07 17:08:15,391
2025-05-07 18:13:08,392
2025-05-07 19:07:38,392
2025-05-07 20:10:26,392
2025-05-07 21:08:24,392
2025-05-07 22:08:41,392
2025-05-07 23:08:50,392
2025-05-08 00:44:01,392
2025-05-08 02:27:21,392
2025-05-08 03:35:29,392
2025-05-08 04:13:10,392
2025-05-08 05:09:58,392
2025-05-08 06:13:35,392
2025-05-08 07:09:19,393
2025-05-08 08:12:51,393
2025-05-08 09:10:05,395
2025-05-08 10:10:41,396
2025-05-08 11:08:04,396
2025-05-08 12:16:31,396
2025-05-08 13:22:57,397
2025-05-08 14:08:57,397
2025-05-08 15:09:37,397
2025-05-08 16:11:24,397
2025-05-08 17:08:02,400
2025-05-08 18:12:25,400
2025-05-08 19:07:34,400
2025-05-08 20:10:34,401
2025-05-08 21:08:27,403
2025-05-08 22:08:29,403
2025-05-08 23:09:26,403
2025-05-09 00:43:41,405
2025-05-09 02:26:28,405
2025-05-09 03:34:36,405
2025-05-09 04:12:18,405
2025-05-09 05:09:44,405
2025-05-09 06:13:50,405
2025-05-09 07:09:20,409
2025-05-09 08:12:37,409
2025-05-09 09:09:53,409
2025-05-09 10:09:58,409
2025-05-09 11:07:33,410
2025-05-09 12:16:02,412
2025-05-09 13:21:11,412
2025-05-09 14:09:05,412
2025-05-09 15:09:07,412
2025-05-09 16:10:53,413
2025-05-09 17:08:07,413
2025-05-09 18:12:17,413
2025-05-09 19:07:05,414
2025-05-09 20:10:08,415
2025-05-09 21:07:53,415
2025-05-09 22:08:12,416
2025-05-09 23:08:24,416
2025-05-10 00:41:24,416
2025-05-10 02:21:28,416
2025-05-10 03:29:54,416
2025-05-10 04:10:16,416
2025-05-10 05:08:38,416
2025-05-10 06:11:25,416
2025-05-10 07:07:51,416
2025-05-10 08:10:42,416
2025-05-10 09:08:23,416
2025-05-10 10:08:19,417
2025-05-10 11:06:48,418
2025-05-10 12:14:28,421
2025-05-10 13:16:51,421
2025-05-10 14:07:04,421
2025-05-10 15:07:52,421
2025-05-10 16:09:16,421
2025-05-10 17:06:50,421
2025-05-10 18:10:27,421
2025-05-10 19:06:20,421
2025-05-10 20:08:46,421
2025-05-10 21:07:08,421
2025-05-10 22:07:28,423
2025-05-10 23:08:04,427
2025-05-11 00:47:09,427
2025-05-11 02:38:17,428
2025-05-11 03:36:19,428
2025-05-11 04:12:13,428
2025-05-11 05:08:46,428
2025-05-11 06:12:01,428
2025-05-11 07:08:06,428
2025-05-11 08:10:46,429
2025-05-11 09:08:20,429
2025-05-11 10:08:07,430
2025-05-11 11:06:26,430
2025-05-11 12:14:32,430
2025-05-11 13:16:59,431
2025-05-11 14:07:41,431
2025-05-11 15:07:48,431
2025-05-11 16:09:23,431
2025-05-11 17:07:02,433
2025-05-11 18:10:52,433
2025-05-11 19:05:54,433
2025-05-11 20:08:56,433
2025-05-11 21:07:31,433
2025-05-11 22:07:44,437
2025-05-11 23:07:58,438
2025-05-12 00:46:11,439
2025-05-12 02:29:34,439
2025-05-12 03:37:19,439
2025-05-12 04:13:54,439
2025-05-12 05:10:27,439
2025-05-12 06:14:14,439
2025-05-12 07:10:03,439
2025-05-12 08:13:36,440
2025-05-12 09:11:04,440
2025-05-12 10:10:37,440
2025-05-12 11:08:08,440
2025-05-12 12:17:10,440
2025-05-12 13:24:30,440
2025-05-12 14:10:06,440
2025-05-12 15:10:17,440
2025-05-12 16:11:28,440
2025-05-12 17:08:13,440
2025-05-12 18:12:36,440
2025-05-12 19:07:48,441
2025-05-12 20:10:19,441
2025-05-12 21:08:12,441
2025-05-12 22:09:01,441
2025-05-12 23:08:40,441
2025-05-13 00:44:04,441
2025-05-13 02:28:16,441
2025-05-13 03:36:07,441
2025-05-13 04:12:57,441
2025-05-13 05:09:53,441
2025-05-13 06:13:27,441
2025-05-13 07:10:11,441
2025-05-13 08:13:07,441
2025-05-13 09:10:14,441
2025-05-13 10:10:21,441
2025-05-13 11:08:16,441
2025-05-13 12:17:33,441
2025-05-13 13:25:12,441
2025-05-13 14:09:38,441
2025-05-13 15:08:45,442
2025-05-13 16:11:17,442
2025-05-13 17:08:56,442
2025-05-13 18:13:01,442
2025-05-13 19:07:36,442
2025-05-13 20:10:28,442
2025-05-13 21:08:22,442
2025-05-13 22:09:07,443
2025-05-13 23:08:40,445
2025-05-14 00:43:39,445
2025-05-14 02:26:36,445
2025-05-14 03:34:56,445
2025-05-14 04:12:59,445
2025-05-14 05:09:58,445
2025-05-14 06:13:23,445
2025-05-14 07:09:57,445
2025-05-14 08:12:54,445
2025-05-14 09:10:09,447
2025-05-14 10:10:11,447
2025-05-14 11:08:05,449
2025-05-14 12:16:35,452
2025-05-14 13:23:07,452
2025-05-14 14:09:34,452
2025-05-14 15:09:36,452
2025-05-14 16:11:03,452
2025-05-14 17:08:32,452
2025-05-14 18:12:04,452
2025-05-14 19:07:25,452
2025-05-14 20:08:33,452
2025-05-14 21:07:19,452
2025-05-14 22:07:11,452
2025-05-14 23:07:27,453
2025-05-15 00:42:56,456
2025-05-15 02:25:29,456
2025-05-15 03:35:22,456
2025-05-15 04:12:34,456
2025-05-15 05:10:07,456
2025-05-15 06:13:35,456
2025-05-15 07:09:46,456
2025-05-15 08:13:06,458
2025-05-15 09:10:12,458
2025-05-15 10:10:16,458
2025-05-15 11:08:14,461
2025-05-15 12:16:50,461
2025-05-15 13:21:55,461
2025-05-15 14:09:39,461
2025-05-15 15:09:43,461
2025-05-15 16:11:16,461
2025-05-15 17:08:30,461
2025-05-15 18:12:47,461
2025-05-15 19:07:19,461
2025-05-15 20:10:26,461
2025-05-15 21:08:24,461
2025-05-15 22:08:36,465
2025-05-15 23:08:58,465
2025-05-16 00:44:29,465
2025-05-16 02:28:13,465
2025-05-16 03:36:33,465
2025-05-16 04:13:44,465
2025-05-16 05:10:06,465
2025-05-16 06:13:39,465
2025-05-16 07:09:46,465
2025-05-16 08:12:51,467
2025-05-16 09:09:54,474
2025-05-16 10:10:05,476
2025-05-16 11:08:10,477
2025-05-16 12:17:13,477
2025-05-16 13:22:52,478
2025-05-16 14:09:14,478
2025-05-16 15:08:54,479
2025-05-16 16:10:53,479
2025-05-16 17:07:27,481
2025-05-16 18:12:29,481
2025-05-16 19:07:17,481
2025-05-16 20:10:12,481
2025-05-16 21:07:52,481
2025-05-16 22:08:33,482
2025-05-16 23:08:50,482
2025-05-17 00:42:54,482
2025-05-17 02:24:00,482
2025-05-17 03:32:10,482
2025-05-17 04:11:01,482
2025-05-17 05:08:42,482
2025-05-17 06:11:58,482
2025-05-17 07:08:08,482
2025-05-17 08:10:57,483
2025-05-17 09:08:43,483
2025-05-17 10:08:13,491
2025-05-17 11:06:37,491
2025-05-17 12:14:31,491
2025-05-17 13:17:16,492
2025-05-17 14:07:18,492
2025-05-17 15:07:47,492
2025-05-17 16:09:46,492
2025-05-17 17:07:10,492
2025-05-17 18:11:10,492
2025-05-17 19:06:16,492
2025-05-17 20:09:06,492
2025-05-17 21:07:31,493
2025-05-17 22:07:40,494
2025-05-17 23:08:17,499
2025-05-18 00:48:12,503
2025-05-18 02:40:17,503
2025-05-18 03:38:51,503
2025-05-18 04:15:20,503
2025-05-18 05:09:01,503
2025-05-18 06:12:12,503
2025-05-18 07:08:10,504
2025-05-18 08:10:47,504
2025-05-18 09:08:23,506
2025-05-18 10:08:49,507
2025-05-18 11:06:56,507
2025-05-18 12:14:55,508
2025-05-18 13:17:42,508
2025-05-18 14:07:13,508
2025-05-18 15:07:44,508
2025-05-18 16:09:14,509
2025-05-18 17:07:12,509
2025-05-18 18:11:08,509
2025-05-18 19:05:42,509
2025-05-18 20:09:38,509
2025-05-18 21:07:35,509
2025-05-18 22:07:53,509
2025-05-18 23:08:32,509
2025-05-19 00:47:05,509
2025-05-19 02:40:56,509
2025-05-19 03:40:40,509
2025-05-19 04:17:54,509
2025-05-19 05:10:12,509
2025-05-19 06:14:21,509
2025-05-19 07:10:16,509
2025-05-19 08:14:34,509
2025-05-19 09:11:04,510
2025-05-19 10:10:36,512
2025-05-19 11:08:07,524
2025-05-19 12:17:27,524
2025-05-19 13:24:43,524
2025-05-19 14:09:30,524
2025-05-19 15:10:17,524
2025-05-19 16:11:08,524
2025-05-19 17:08:26,524
2025-05-19 18:12:47,524
2025-05-19 19:07:28,524
2025-05-19 20:10:12,524
2025-05-19 21:08:17,524
2025-05-19 22:09:00,526
2025-05-19 23:08:45,526
2025-05-20 00:44:47,527
2025-05-20 02:28:36,527
2025-05-20 03:36:16,527
2025-05-20 04:13:04,527
2025-05-20 05:09:50,527
2025-05-20 06:13:55,527
2025-05-20 07:09:57,527
2025-05-20 08:13:41,530
2025-05-20 09:10:41,537
2025-05-20 10:10:16,537
2025-05-20 11:08:08,540
2025-05-20 12:17:25,540
2025-05-20 13:25:19,540
2025-05-20 14:09:34,540
2025-05-20 15:09:55,540
2025-05-20 16:11:10,540
2025-05-20 17:08:24,540
2025-05-20 18:12:45,540
2025-05-20 19:07:25,540
2025-05-20 20:10:38,540
2025-05-20 21:08:16,540
2025-05-20 22:08:24,540
2025-05-20 23:08:36,540
2025-05-21 00:44:29,541
2025-05-21 02:28:31,541
2025-05-21 03:35:44,541
2025-05-21 04:13:31,541
2025-05-21 05:09:59,541
2025-05-21 06:13:47,541
2025-05-21 07:09:45,541
2025-05-21 08:13:07,541
2025-05-21 09:10:12,542
2025-05-21 10:10:21,542
2025-05-21 11:08:14,542
2025-05-21 12:17:08,542
2025-05-21 13:24:13,543
2025-05-21 14:09:45,543
2025-05-21 15:09:55,543
2025-05-21 16:11:31,543
2025-05-21 17:08:26,543
2025-05-21 18:12:53,543
2025-05-21 19:07:29,543
2025-05-21 20:10:23,543
2025-05-21 21:08:14,543
2025-05-21 22:08:41,543
2025-05-21 23:08:54,545
2025-05-22 00:43:49,545
2025-05-22 02:27:41,545
2025-05-22 03:36:01,545
2025-05-22 04:14:19,545
2025-05-22 05:10:04,546
2025-05-22 06:13:55,546
2025-05-22 09:10:05,546
2025-05-22 10:10:19,546
2025-05-22 11:08:28,551
2025-05-22 12:17:44,551
2025-05-22 13:24:10,551
2025-05-22 14:09:24,551
2025-05-22 15:09:35,551
2025-05-22 16:11:22,551
2025-05-22 17:08:20,551
2025-05-22 18:12:44,551
2025-05-22 20:10:30,551
2025-05-22 21:08:21,551
2025-05-22 22:08:56,552
2025-05-22 23:08:55,554
2025-05-23 00:44:11,554
2025-05-23 02:27:38,554
2025-05-23 03:35:48,554
2025-05-23 04:12:42,554
2025-05-23 05:09:45,554
2025-05-23 06:13:31,554
2025-05-23 07:09:42,554
2025-05-23 08:12:50,554
2025-05-23 09:10:04,554
2025-05-23 10:10:06,554
2025-05-23 11:07:54,555
2025-05-23 12:16:33,559
2025-05-23 13:22:05,562
2025-05-23 14:09:04,562
2025-05-23 15:09:21,562
2025-05-23 16:10:35,564
2025-05-23 17:08:22,572
2025-05-23 18:11:32,573
2025-05-23 19:07:12,575
2025-05-23 20:10:22,575
2025-05-23 21:07:32,575
2025-05-23 22:08:44,576
2025-05-23 23:09:03,583
2025-05-24 00:42:19,583
2025-05-24 02:22:59,583
2025-05-24 03:31:26,583
2025-05-24 04:10:36,583
2025-05-24 05:08:56,583
2025-05-24 06:11:41,583
2025-05-24 07:07:57,584
2025-05-24 08:10:37,586
2025-05-24 09:08:15,586
2025-05-24 10:08:32,592
2025-05-24 11:06:14,594
2025-05-24 12:14:35,603
2025-05-24 13:19:09,603
2025-05-24 14:07:24,604
2025-05-24 15:07:38,605
2025-05-24 16:09:19,608
2025-05-24 17:07:04,610
2025-05-24 18:10:55,610
2025-05-24 19:05:27,610
2025-05-24 20:09:02,610
2025-05-24 21:07:25,614
2025-05-24 22:07:45,615
2025-05-24 23:08:19,616
2025-05-25 00:50:04,617
2025-05-25 02:43:26,617
2025-05-25 03:41:19,617
2025-05-25 04:16:20,617
2025-05-25 05:08:53,618
2025-05-25 06:11:52,618
2025-05-25 07:08:23,618
2025-05-25 08:11:01,620
2025-05-25 09:08:18,620
2025-05-25 10:08:24,621
2025-05-25 11:06:55,622
2025-05-25 12:14:35,623
2025-05-25 13:17:47,624
2025-05-25 14:07:24,624
2025-05-25 15:07:53,624
2025-05-25 16:09:32,624
2025-05-25 17:07:01,624
2025-05-25 18:10:56,624
2025-05-25 19:05:27,624
2025-05-25 20:09:13,625
2025-05-25 21:07:40,625
2025-05-25 22:08:03,625
2025-05-25 23:08:50,626
2025-05-26 00:45:33,626
2025-05-26 02:39:44,626
2025-05-26 03:39:17,626
2025-05-26 04:15:47,626
2025-05-26 05:10:37,626
2025-05-26 06:14:24,627
2025-05-26 08:19:01,629
2025-05-26 09:37:36,629
2025-05-26 10:15:06,629
2025-05-26 11:07:32,631
2025-05-26 12:16:24,631
2025-05-26 13:21:37,631
2025-05-26 14:09:32,631
2025-05-26 15:09:15,631
2025-05-26 16:10:45,633
2025-05-26 17:07:55,633
2025-05-26 18:11:56,633
2025-05-26 19:07:27,633
2025-05-26 20:09:58,633
2025-05-26 21:07:47,634
2025-05-26 22:08:23,635
2025-05-26 23:08:35,639
2025-05-27 00:43:22,645
2025-05-27 02:26:52,645
2025-05-27 03:35:50,645
2025-05-27 04:15:17,645
2025-05-27 05:09:44,645
2025-05-27 06:13:34,645
2025-05-27 07:09:56,645
2025-05-27 08:12:55,645
2025-05-27 09:10:06,645
2025-05-27 10:10:29,645
2025-05-27 11:08:12,646
2025-05-27 12:17:24,646
2025-05-27 13:25:09,647
2025-05-27 14:08:21,647
2025-05-27 15:09:49,647
2025-05-27 16:11:37,657
2025-05-27 17:08:32,657
2025-05-27 18:11:14,659
2025-05-27 19:07:17,659
2025-05-27 20:10:28,659
2025-05-27 21:08:43,659
2025-05-27 22:08:41,659
2025-05-27 23:08:39,659
2025-05-28 00:44:32,659
2025-05-28 02:29:02,661
2025-05-28 03:37:09,661
2025-05-28 04:14:12,661
2025-05-28 05:09:56,661
2025-05-28 06:13:37,661
2025-05-28 07:09:45,661
2025-05-28 08:13:03,661
2025-05-28 09:10:17,661
2025-05-28 10:10:51,662
2025-05-28 11:08:14,665
2025-05-28 12:17:15,666
2025-05-28 13:25:21,667
2025-05-28 14:09:52,667
2025-05-28 15:08:19,667
2025-05-28 16:10:05,667
2025-05-28 17:08:50,667
2025-05-28 18:11:52,667
2025-05-28 19:07:45,667
2025-05-28 20:10:35,667
2025-05-28 21:08:18,667
2025-05-28 22:08:42,669
2025-05-28 23:08:56,679
2025-05-29 00:44:32,679
2025-05-29 02:28:50,679
2025-05-29 03:38:27,679
2025-05-29 04:14:26,679
2025-05-29 05:10:12,679
2025-05-29 06:13:55,679
2025-05-29 07:09:42,679
2025-05-29 08:13:18,679
2025-05-29 09:10:07,679
2025-05-29 10:10:31,684
2025-05-29 11:08:17,684
2025-05-29 12:16:53,684
2025-05-29 13:23:05,684
2025-05-29 14:09:14,684
2025-05-29 15:09:20,684
2025-05-29 16:10:52,684
2025-05-29 17:08:29,684
2025-05-29 18:12:27,684
2025-05-29 19:07:19,684
2025-05-29 20:10:45,685
2025-05-29 21:08:32,685
2025-05-29 22:08:41,685
2025-05-29 23:08:32,688
2025-05-30 00:44:15,688
2025-05-30 02:27:01,688
2025-05-30 03:36:41,688
2025-05-30 04:14:04,688
2025-05-30 05:09:39,688
2025-05-30 06:13:30,688
2025-05-30 07:09:39,688
2025-05-30 08:12:42,688
2025-05-30 09:09:42,688
2025-05-30 10:09:35,689
2025-05-30 11:07:52,689
2025-05-30 12:16:30,689
2025-05-30 13:22:38,689
2025-05-30 14:09:24,689
2025-05-30 15:09:06,689
2025-05-30 16:11:01,689
2025-05-30 17:08:07,689
2025-05-30 18:12:29,689
2025-05-30 19:07:17,689
2025-05-30 20:10:11,689
2025-05-30 21:07:43,689
2025-05-30 22:08:35,689
2025-05-30 23:08:34,689
2025-05-31 00:42:51,689
2025-05-31 02:25:22,689
2025-05-31 03:34:44,689
2025-05-31 04:12:27,689
2025-05-31 05:08:49,689
2025-05-31 06:12:01,689
2025-05-31 07:08:11,689
2025-05-31 08:11:20,689
2025-05-31 09:08:38,689
2025-05-31 10:08:28,689
2025-05-31 11:06:44,693
2025-05-31 12:14:42,693
2025-05-31 13:19:42,693
2025-05-31 14:07:45,693
2025-05-31 15:07:50,693
2025-05-31 16:09:31,693
2025-05-31 17:07:09,693
2025-05-31 18:11:11,694
2025-05-31 19:06:41,694
2025-05-31 20:08:52,694
2025-05-31 21:07:36,694
2025-05-31 22:07:56,706
2025-05-31 23:08:44,706
2025-06-01 00:56:00,706
2025-06-01 02:56:19,706
2025-06-01 03:55:04,706
2025-06-01 04:25:57,706
2025-06-01 05:10:31,706
2025-06-01 06:12:48,706
2025-06-01 07:08:35,706
2025-06-01 08:11:23,706
2025-06-01 09:08:56,706
2025-06-01 10:09:06,706
2025-06-01 11:06:57,706
2025-06-01 12:15:21,706
2025-06-01 13:18:51,706
2025-06-01 14:07:38,706
2025-06-01 15:07:57,706
2025-06-01 16:09:41,706
2025-06-01 17:07:21,706
2025-06-01 18:11:24,706
2025-06-01 19:06:46,706
2025-06-01 20:09:21,706
2025-06-01 21:07:41,706
2025-06-01 22:08:11,706
2025-06-01 23:08:35,706
2025-06-02 00:47:12,706
2025-06-02 02:42:57,706
2025-06-02 03:44:54,706
2025-06-02 04:20:44,706
2025-06-02 05:11:20,706
2025-06-02 06:14:22,706
2025-06-02 07:11:12,706
2025-06-02 08:14:08,706
2025-06-02 09:10:58,706
2025-06-02 10:10:35,708
2025-06-02 11:08:27,711
2025-06-02 12:17:03,711
2025-06-02 13:24:59,713
2025-06-02 14:09:40,715
2025-06-02 15:10:07,715
2025-06-02 16:11:37,717
2025-06-02 17:09:40,717
2025-06-02 18:12:48,717
2025-06-02 19:07:17,717
2025-06-02 20:10:12,717
2025-06-02 21:08:16,717
2025-06-02 22:09:08,726
2025-06-02 23:08:53,727
2025-06-03 00:45:20,727
2025-06-03 02:38:30,727
2025-06-03 03:39:31,727
2025-06-03 04:16:31,727
2025-06-03 05:10:28,727
2025-06-03 06:14:01,727
2025-06-03 07:10:28,727
2025-06-03 08:13:47,727
2025-06-03 09:10:39,727
2025-06-03 10:10:23,727
2025-06-03 11:08:16,727
2025-06-03 12:17:25,727
2025-06-03 13:26:15,727
2025-06-03 14:10:24,727
2025-06-03 15:10:34,727
2025-06-03 16:12:36,728
2025-06-03 17:09:41,728
2025-06-03 18:13:06,728
2025-06-03 19:07:24,728
2025-06-03 20:10:30,728
2025-06-03 21:10:16,728
2025-06-03 22:09:06,728
2025-06-03 23:08:41,728
2025-06-04 00:45:08,728
2025-06-04 02:38:56,728
2025-06-04 03:39:55,728
2025-06-04 04:16:43,728
2025-06-04 05:10:24,728
2025-06-04 06:13:54,728
2025-06-04 07:10:06,732
2025-06-04 08:13:27,732
2025-06-04 09:10:15,732
2025-06-04 10:10:19,733
2025-06-04 11:08:23,734
2025-06-04 12:17:23,734
2025-06-04 13:27:00,734
2025-06-04 14:07:58,734
2025-06-04 15:34:49,734
2025-06-04 16:11:38,734
2025-06-04 17:08:44,735
2025-06-04 18:12:45,735
2025-06-04 19:07:40,735
2025-06-04 20:08:23,735
2025-06-04 21:06:56,738
2025-06-04 22:07:50,738
2025-06-04 23:09:03,738
2025-06-05 00:44:44,739
2025-06-05 02:29:53,739
2025-06-05 03:40:29,739
2025-06-05 04:17:43,739
2025-06-05 05:10:20,739
2025-06-05 06:14:25,739
2025-06-05 07:10:09,739
2025-06-05 08:13:22,739
2025-06-05 09:10:15,740
2025-06-05 10:10:23,740
2025-06-05 11:08:22,740
2025-06-05 12:17:49,740
2025-06-05 13:24:55,740
2025-06-05 14:09:35,740
2025-06-05 15:09:42,740
2025-06-05 16:11:20,740
2025-06-05 17:07:02,741
2025-06-05 19:04:30,744
2025-06-05 20:08:44,744
2025-06-05 21:08:28,744
2025-06-05 22:08:07,744
2025-06-05 23:09:11,745
2025-06-06 00:44:17,745
2025-06-06 02:29:34,745
2025-06-06 03:39:56,745
2025-06-06 04:15:57,745
2025-06-06 05:10:17,745
2025-06-06 06:14:13,745
2025-06-06 07:09:23,745
2025-06-06 08:13:16,745
2025-06-06 09:10:08,745
2025-06-06 10:10:12,747
2025-06-06 11:08:15,747
2025-06-06 12:16:47,750
2025-06-06 13:23:06,750
2025-06-06 14:09:17,750
2025-06-06 15:08:16,750
2025-06-06 16:11:37,750
2025-06-06 17:08:41,750
2025-06-06 18:12:52,750
2025-06-06 19:07:34,750
2025-06-06 20:10:53,750
2025-06-06 21:08:11,750
2025-06-06 22:08:44,750
2025-06-06 23:08:51,750
2025-06-07 00:44:17,750
2025-06-07 02:28:09,750
2025-06-07 03:37:29,750
2025-06-07 04:12:28,750
2025-06-07 05:08:54,750
2025-06-07 06:11:56,750
2025-06-07 07:08:28,750
2025-06-07 08:11:00,750
2025-06-07 09:08:35,750
2025-06-07 10:08:50,750
2025-06-07 11:06:55,751
2025-06-07 12:14:45,751
2025-06-07 13:18:41,757
2025-06-07 14:07:37,757
2025-06-07 15:07:59,759
2025-06-07 16:09:32,759
2025-06-07 17:07:17,759
2025-06-07 18:11:15,759
2025-06-07 19:06:21,759
2025-06-07 20:09:03,759
2025-06-07 21:07:35,759
2025-06-07 22:08:01,759
2025-06-07 23:09:07,759
2025-06-08 00:51:03,759
2025-06-08 02:47:03,759
2025-06-08 03:45:12,759
2025-06-08 04:21:04,759
2025-06-08 05:09:29,760
2025-06-08 06:12:37,760
2025-06-08 07:08:32,760
2025-06-08 08:11:08,760
2025-06-08 09:08:34,760
2025-06-08 10:08:49,761
2025-06-08 11:06:52,761
2025-06-08 12:14:54,761
2025-06-08 13:18:29,761
2025-06-08 14:07:47,761
2025-06-08 15:07:54,761
2025-06-08 16:09:55,761
2025-06-08 17:07:11,761
2025-06-08 18:10:57,761
2025-06-08 19:07:02,762
2025-06-08 20:09:17,762
2025-06-08 21:07:35,762
2025-06-08 22:08:00,762
2025-06-08 23:08:30,762
2025-06-09 00:48:47,762
2025-06-09 02:44:55,762
2025-06-09 03:45:09,762
2025-06-09 04:21:27,762
2025-06-09 05:11:35,762
2025-06-09 06:15:02,762
2025-06-09 07:11:21,762
2025-06-09 08:14:39,762
2025-06-09 09:11:14,762
2025-06-09 11:08:29,762
2025-06-09 12:17:17,762
2025-06-09 13:24:52,762
2025-06-09 14:09:52,762
2025-06-09 15:10:05,762
2025-06-09 16:11:17,762
2025-06-09 17:08:32,762
2025-06-09 18:13:03,762
2025-06-09 19:07:20,762
2025-06-09 20:10:14,762
2025-06-09 21:08:23,762
2025-06-09 22:09:06,762
2025-06-09 23:08:54,762
2025-06-10 00:45:07,762
2025-06-10 02:40:51,762
2025-06-10 03:41:21,762
2025-06-10 04:18:18,762
2025-06-10 05:10:09,762
2025-06-10 06:14:10,762
2025-06-10 07:09:54,762
2025-06-10 09:11:07,762
2025-06-10 10:10:21,762
2025-06-10 11:08:10,762
2025-06-10 12:18:01,762
2025-06-10 13:26:19,762
2025-06-10 14:09:40,762
2025-06-10 15:09:59,763
2025-06-10 16:11:23,764
2025-06-10 17:08:34,765
2025-06-10 18:12:51,765
2025-06-10 19:07:19,765
2025-06-10 20:10:45,765
2025-06-10 21:08:48,765
2025-06-10 22:08:55,765
2025-06-10 23:08:45,765
2025-06-11 00:45:00,765
2025-06-11 02:39:47,765
2025-06-11 03:41:12,765
2025-06-11 04:18:50,765
2025-06-11 05:11:13,765
2025-06-11 06:14:00,765
2025-06-11 07:10:05,765
2025-06-11 08:13:27,766
2025-06-11 09:10:33,766
2025-06-11 10:10:34,766
2025-06-11 11:08:38,766
2025-06-11 12:17:52,766
2025-06-11 13:26:08,766
2025-06-11 14:08:50,766
2025-06-11 15:09:49,766
2025-06-11 16:11:27,766
2025-06-11 17:08:43,766
2025-06-11 18:12:59,766
2025-06-11 19:07:19,769
2025-06-11 20:09:17,769
2025-06-11 21:08:33,770
2025-06-11 22:08:43,770
2025-06-11 23:08:50,770
2025-06-12 00:44:38,770
2025-06-12 02:30:10,770
2025-06-12 03:40:24,770
2025-06-12 04:16:51,770
2025-06-12 05:10:07,770
2025-06-12 06:14:27,770
2025-06-12 07:10:11,770
2025-06-12 08:13:37,770
2025-06-12 09:10:30,770
2025-06-12 10:10:32,771
2025-06-12 11:08:12,773
2025-06-12 12:17:10,773
2025-06-12 13:25:25,773
2025-06-12 14:09:52,773
2025-06-12 15:09:45,773
2025-06-12 16:11:20,773
2025-06-12 17:09:04,773
2025-06-12 18:12:35,773
2025-06-12 19:07:10,773
2025-06-12 20:10:32,773
2025-06-12 21:09:02,773
2025-06-12 22:08:54,773
2025-06-12 23:09:06,774
2025-06-13 00:45:13,779
2025-06-13 02:39:51,779
2025-06-13 03:41:09,779
2025-06-13 04:17:45,779
2025-06-13 05:09:44,779
2025-06-13 06:14:01,779
2025-06-13 07:09:52,779
2025-06-13 08:13:12,779
2025-06-13 09:10:17,779
2025-06-13 10:10:21,779
2025-06-13 11:08:06,779
2025-06-13 12:17:20,779
2025-06-13 13:24:15,779
2025-06-13 14:09:14,779
2025-06-13 15:09:32,779
2025-06-13 16:10:53,779
2025-06-13 17:08:13,779
2025-06-13 18:12:36,779
2025-06-13 19:07:25,779
2025-06-13 20:10:16,779
2025-06-13 21:07:54,779
2025-06-13 22:08:48,779
2025-06-13 23:08:55,779
2025-06-14 00:43:25,779
2025-06-14 02:27:02,779
2025-06-14 03:37:09,779
2025-06-14 04:12:45,779
2025-06-14 05:09:27,779
2025-06-14 06:12:03,779
2025-06-14 07:08:26,779
2025-06-14 08:11:00,779
2025-06-14 09:08:34,779
2025-06-14 10:08:54,779
2025-06-14 11:06:55,779
2025-06-14 12:15:00,779
2025-06-14 13:18:52,779
2025-06-14 14:07:37,779
2025-06-14 15:07:57,779
2025-06-14 16:09:31,779
2025-06-14 17:07:09,779
2025-06-14 18:11:01,779
2025-06-14 19:06:34,779
2025-06-14 20:09:06,779
2025-06-14 21:07:46,779
2025-06-14 22:07:44,779
2025-06-14 23:08:46,779
2025-06-15 00:51:45,783
2025-06-15 02:48:13,783
2025-06-15 03:45:18,783
2025-06-15 04:20:00,783
2025-06-15 05:09:17,783
2025-06-15 06:12:28,783
2025-06-15 07:08:59,783
2025-06-15 08:11:08,784
2025-06-15 09:08:42,784
2025-06-15 10:08:45,784
2025-06-15 11:07:01,784
2025-06-15 12:15:14,784
2025-06-15 13:19:08,784
2025-06-15 14:07:41,784
2025-06-15 15:07:58,784
2025-06-15 16:09:38,784
2025-06-15 17:07:16,784
2025-06-15 18:11:19,785
2025-06-15 19:06:54,785
2025-06-15 20:09:06,785
2025-06-15 21:07:48,785
2025-06-15 22:08:09,785
2025-06-15 23:08:26,785
2025-06-16 00:47:45,785
2025-06-16 02:44:14,785
2025-06-16 03:45:45,785
2025-06-16 04:22:10,785
2025-06-16 05:12:33,785
2025-06-16 06:15:00,785
2025-06-16 07:12:12,788
2025-06-16 08:14:10,788
2025-06-16 09:12:25,788
2025-06-16 10:10:53,789
2025-06-16 11:08:18,790
2025-06-16 12:17:52,790
2025-06-16 13:26:29,790
2025-06-16 14:09:46,790
2025-06-16 15:10:03,790
2025-06-16 16:11:40,790
2025-06-16 17:08:56,790
2025-06-16 18:13:08,790
2025-06-16 19:07:21,790
2025-06-16 20:10:28,790
2025-06-16 21:08:51,790
2025-06-16 22:09:02,790
2025-06-16 23:08:49,790
2025-06-17 00:45:01,790
2025-06-17 02:40:28,790
2025-06-17 03:41:24,790
2025-06-17 04:18:41,790
2025-06-17 05:10:15,790
2025-06-17 06:13:54,790
2025-06-17 07:10:04,790
2025-06-17 08:13:37,790
2025-06-17 09:11:10,790
2025-06-17 10:10:45,791
2025-06-17 11:08:16,792
2025-06-17 12:18:05,792
2025-06-17 13:25:18,792
2025-06-17 14:09:50,792
2025-06-17 15:10:07,792
2025-06-17 16:11:35,792
2025-06-17 17:09:38,792
2025-06-17 18:12:54,792
2025-06-17 19:07:16,792
2025-06-17 20:10:33,792
2025-06-17 21:08:23,792
2025-06-17 22:08:54,792
2025-06-17 23:09:28,792
2025-06-18 00:45:17,792
2025-06-18 02:39:19,794
2025-06-18 03:40:46,794
2025-06-18 04:18:39,794
2025-06-18 05:10:42,794
2025-06-18 06:14:08,794
2025-06-18 07:10:36,794
2025-06-18 08:13:27,794
2025-06-18 09:10:58,794
2025-06-18 10:10:20,795
2025-06-18 11:08:24,797
2025-06-18 12:17:51,797
2025-06-18 13:26:25,797
2025-06-18 14:09:44,797
2025-06-18 15:09:41,797
2025-06-18 16:11:15,797
2025-06-18 17:10:43,797
2025-06-18 18:13:05,797
2025-06-18 19:07:24,797
2025-06-18 20:11:12,797
2025-06-18 21:08:39,797
2025-06-18 22:08:43,797
2025-06-18 23:09:03,797
2025-06-19 00:45:18,797
2025-06-19 02:40:40,798
2025-06-19 03:41:06,798
2025-06-19 04:18:09,798
2025-06-19 05:10:06,798
2025-06-19 06:13:58,798
2025-06-19 07:10:21,798
2025-06-19 08:13:23,798
2025-06-19 09:10:41,798
2025-06-19 10:10:08,798
2025-06-19 11:08:23,798
2025-06-19 12:17:43,798
2025-06-19 13:24:52,798
2025-06-19 14:09:00,798
2025-06-19 15:09:13,798
2025-06-19 16:10:55,798
2025-06-19 17:08:20,798
2025-06-19 18:12:28,798
2025-06-19 19:07:10,798
2025-06-19 20:10:41,798
2025-06-19 21:08:12,798
2025-06-19 22:08:47,798
2025-06-19 23:08:56,798
2025-06-20 00:45:03,798
2025-06-20 02:39:42,798
2025-06-20 03:40:21,798
2025-06-20 04:16:57,798
2025-06-20 05:10:50,798
2025-06-20 06:13:53,798
2025-06-20 07:09:41,798
2025-06-20 08:13:19,798
2025-06-20 09:10:00,798
2025-06-20 10:09:59,798
2025-06-20 11:08:01,799
2025-06-20 12:17:14,799
2025-06-20 13:23:48,799
2025-06-20 14:09:03,799
2025-06-20 15:09:02,799
2025-06-20 16:10:49,799
2025-06-20 17:08:05,799
2025-06-20 18:12:34,799
2025-06-20 19:07:12,799
2025-06-20 20:10:03,799
2025-06-20 21:07:51,799
2025-06-20 22:08:41,799
2025-06-20 23:09:27,799
2025-06-21 00:44:23,799
2025-06-21 02:27:54,799
2025-06-21 03:38:18,799
2025-06-21 04:13:01,799
2025-06-21 05:09:08,799
2025-06-21 06:12:30,799
2025-06-21 07:08:39,799
2025-06-21 08:11:17,799
2025-06-21 09:08:44,799
2025-06-21 10:08:52,799
2025-06-21 11:07:15,799
2025-06-21 12:14:53,799
2025-06-21 13:19:19,799
2025-06-21 14:07:48,799
2025-06-21 15:07:56,799
2025-06-21 16:09:33,799
2025-06-21 17:07:18,799
2025-06-21 18:10:54,799
2025-06-21 19:06:20,799
2025-06-21 20:09:27,799
2025-06-21 21:07:30,799
2025-06-21 22:07:58,799
2025-06-21 23:08:53,799
2025-06-22 00:51:38,799
2025-06-22 02:48:50,799
2025-06-22 03:47:08,799
2025-06-22 04:21:14,799
2025-06-22 05:10:03,799
2025-06-22 06:12:47,799
2025-06-22 07:09:03,799
2025-06-22 08:11:19,799
2025-06-22 09:08:49,799
2025-06-22 10:09:00,799
2025-06-22 11:07:02,799
2025-06-22 12:15:01,799
2025-06-22 13:19:10,799
2025-06-22 14:07:41,799
2025-06-22 15:08:09,799
2025-06-22 16:09:38,799
2025-06-22 17:07:09,799
2025-06-22 18:11:16,799
2025-06-22 19:07:05,799
2025-06-22 20:09:15,799
2025-06-22 21:07:45,799
2025-06-22 22:08:24,799
2025-06-22 23:08:51,804
2025-06-23 00:50:04,804
2025-06-23 02:49:09,804
2025-06-23 03:49:26,804
2025-06-23 04:24:44,804
2025-06-23 05:12:37,804
2025-06-23 06:14:56,804
2025-06-23 07:12:14,804
2025-06-23 08:14:22,804
2025-06-23 09:13:00,804
2025-06-23 10:10:55,804
2025-06-23 11:08:40,804
2025-06-23 12:18:17,804
2025-06-23 13:27:10,804
2025-06-23 14:09:45,804
2025-06-23 15:10:11,804
2025-06-23 16:11:44,804
2025-06-23 17:09:13,804
2025-06-23 18:12:56,804
2025-06-23 19:07:34,804
2025-06-23 20:10:26,804
2025-06-23 21:08:56,804
2025-06-23 22:08:55,804
2025-06-23 23:07:15,804
2025-06-24 00:45:45,804
2025-06-24 02:41:19,804
2025-06-24 03:42:16,804
2025-06-24 04:19:50,804
2025-06-24 05:12:18,804
2025-06-24 06:14:36,804
2025-06-24 07:10:57,804
2025-06-24 08:13:43,804
2025-06-24 09:11:47,804
2025-06-24 10:10:23,804
2025-06-24 11:08:29,805
2025-06-24 12:17:55,805
2025-06-24 13:26:39,805
2025-06-24 14:09:49,806
2025-06-24 15:10:19,806
2025-06-24 16:11:28,806
2025-06-24 17:10:43,806
2025-06-24 18:12:55,807
2025-06-24 19:07:46,807
2025-06-24 20:10:29,807
2025-06-24 21:08:47,807
2025-06-24 22:08:47,807
2025-06-24 23:08:48,807
2025-06-25 00:46:10,807
2025-06-25 02:42:07,807
2025-06-25 03:44:00,807
2025-06-25 04:20:37,807
2025-06-25 05:12:11,807
2025-06-25 06:14:36,807
2025-06-25 07:11:08,807
2025-06-25 08:13:46,807
2025-06-25 09:12:15,808
2025-06-25 10:10:11,808
2025-06-25 11:08:43,808
2025-06-25 12:17:46,808
2025-06-25 13:27:16,808
2025-06-25 14:10:00,808
2025-06-25 15:10:25,808
2025-06-25 16:11:40,808
2025-06-25 17:09:39,808
2025-06-25 18:13:04,808
2025-06-25 19:07:11,808
2025-06-25 20:10:26,808
2025-06-25 21:08:42,808
2025-06-25 22:08:43,808
2025-06-25 23:08:47,808
2025-06-26 00:45:21,808
2025-06-26 02:40:56,808
2025-06-26 03:42:10,808
2025-06-26 04:19:04,808
2025-06-26 05:11:03,808
2025-06-26 06:14:13,808
2025-06-26 07:10:46,808
2025-06-26 08:13:22,808
2025-06-26 09:11:00,808
2025-06-26 10:10:04,808
2025-06-26 11:08:28,808
2025-06-26 12:17:28,808
2025-06-26 13:25:56,808
2025-06-26 14:08:46,808
2025-06-26 15:09:50,808
2025-06-26 16:11:37,808
2025-06-26 17:09:02,808
2025-06-26 18:12:58,808
2025-06-26 19:07:22,808
2025-06-26 20:10:05,808
2025-06-26 21:08:51,808
2025-06-26 22:08:47,808
2025-06-27 00:46:15,808
2025-06-27 02:41:57,808
2025-06-27 03:42:56,808
2025-06-27 04:19:09,808
2025-06-27 05:11:18,808
2025-06-27 06:14:34,808
2025-06-27 07:10:26,808
2025-06-27 08:13:26,808
2025-06-27 09:10:17,808
2025-06-27 10:09:55,808
2025-06-27 11:08:21,808
2025-06-27 12:17:09,808
2025-06-27 13:23:41,810
2025-06-27 14:09:11,810
2025-06-27 15:09:44,811
2025-06-27 16:11:42,811
2025-06-27 17:08:08,811
2025-06-27 18:12:54,811
2025-06-27 19:07:09,811
2025-06-27 20:09:58,811
2025-06-27 21:08:04,811
2025-06-27 22:08:47,811
2025-06-27 23:08:48,811
2025-06-28 00:44:13,811
2025-06-28 02:28:41,812
2025-06-28 03:37:53,812
2025-06-28 04:13:04,812
2025-06-28 05:10:31,812
2025-06-28 06:12:29,812
2025-06-28 07:08:32,812
2025-06-28 08:11:11,812
2025-06-28 09:08:40,812
2025-06-28 10:08:53,812
2025-06-28 11:06:50,812
2025-06-28 12:15:16,812
2025-06-28 13:19:35,812
2025-06-28 14:07:52,812
2025-06-28 15:07:56,812
2025-06-28 16:09:40,812
2025-06-28 17:07:08,812
2025-06-28 18:11:19,812
2025-06-28 19:06:48,812
2025-06-28 20:09:09,812
2025-06-28 21:07:43,812
2025-06-28 22:07:55,812
2025-06-28 23:08:35,812
2025-06-29 00:52:42,814
2025-06-29 02:52:02,815
2025-06-29 03:51:16,815
2025-06-29 04:25:52,815
2025-06-29 05:13:59,815
2025-06-29 06:12:53,815
2025-06-29 07:08:45,816
2025-06-29 08:11:12,816
2025-06-29 09:08:48,816
2025-06-29 10:09:07,816
2025-06-29 11:07:04,816
2025-06-29 12:15:20,816
2025-06-29 13:20:15,816
2025-06-29 14:07:44,816
2025-06-29 15:08:01,816
2025-06-29 16:09:40,816
2025-06-29 17:07:30,816
2025-06-29 18:11:48,816
2025-06-29 19:06:50,816
2025-06-29 20:09:42,816
2025-06-29 21:07:48,816
2025-06-29 22:08:32,818
2025-06-29 23:08:39,820
2025-06-30 00:50:23,823
2025-06-30 02:47:26,823
2025-06-30 03:48:42,823
2025-06-30 04:24:16,823
2025-06-30 05:12:47,823
2025-06-30 06:15:01,823
2025-06-30 07:12:01,823
2025-06-30 08:14:17,823
2025-06-30 09:12:39,823
2025-06-30 10:10:27,824
2025-06-30 11:08:28,824
2025-06-30 12:17:32,824
2025-06-30 13:26:03,824
2025-06-30 14:09:45,824
2025-06-30 15:10:05,824
2025-06-30 16:11:28,824
2025-06-30 17:08:24,824
2025-06-30 18:12:55,824
2025-06-30 19:07:08,824
2025-06-30 20:09:49,824
2025-06-30 21:08:27,824
2025-06-30 22:09:03,825
2025-06-30 23:08:47,825
2025-07-01 00:53:19,825
2025-07-01 02:54:08,826
2025-07-01 03:54:45,826
2025-07-01 04:29:08,826
2025-07-01 05:14:47,826
2025-07-01 06:14:33,826
2025-07-01 07:11:29,826
2025-07-01 08:13:43,826
2025-07-01 09:12:36,826
2025-07-01 10:10:43,826
2025-07-01 11:08:21,826
2025-07-01 12:17:45,826
2025-07-01 13:26:07,826
2025-07-01 14:09:18,826
2025-07-01 15:10:12,826
2025-07-01 16:11:59,826
2025-07-01 17:09:12,826
2025-07-01 18:12:59,826
2025-07-01 19:07:10,826
2025-07-01 20:10:26,826
2025-07-01 21:08:42,826
2025-07-01 22:08:45,826
2025-07-01 23:08:49,826
2025-07-02 00:45:27,826
2025-07-02 02:41:36,826
2025-07-02 03:43:57,826
2025-07-02 04:20:05,826
2025-07-02 05:12:49,826
2025-07-02 06:14:41,826
2025-07-02 07:10:34,826
2025-07-02 08:13:35,826
2025-07-02 09:12:10,826
2025-07-02 10:10:20,826
2025-07-02 11:08:27,827
2025-07-02 12:17:28,827
2025-07-02 13:25:33,827
2025-07-02 14:09:21,827
2025-07-02 15:10:02,827
2025-07-02 16:11:00,827
2025-07-02 17:09:41,827
2025-07-02 18:13:33,827
2025-07-02 19:07:11,827
2025-07-02 20:09:58,827
2025-07-02 21:08:45,827
2025-07-02 22:08:49,829
2025-07-02 23:08:53,829
2025-07-03 00:45:25,829
2025-07-03 02:43:22,829
2025-07-03 03:45:03,829
2025-07-03 04:22:10,829
2025-07-03 05:14:02,829
2025-07-03 06:14:37,829
2025-07-03 07:11:18,829
2025-07-03 08:13:10,829
2025-07-03 09:11:13,829
2025-07-03 10:10:30,829
2025-07-03 11:08:21,829
2025-07-03 12:17:36,829
2025-07-03 13:23:52,829
2025-07-03 14:09:29,829
2025-07-03 15:10:02,829
2025-07-03 16:11:47,829
2025-07-03 17:09:48,829
2025-07-03 18:12:49,829
2025-07-03 19:07:11,829
2025-07-03 20:08:48,829
2025-07-03 21:08:31,829
2025-07-03 22:08:47,829
2025-07-03 23:09:23,829
2025-07-04 00:45:13,829
2025-07-04 02:41:11,829
2025-07-04 03:42:06,829
2025-07-04 04:19:23,829
2025-07-04 05:12:45,829
2025-07-04 06:14:33,829
2025-07-04 07:11:07,829
2025-07-04 08:13:13,829
2025-07-04 09:10:46,829
2025-07-04 10:10:19,829
2025-07-04 11:08:22,829
2025-07-04 12:17:11,829
2025-07-04 13:24:02,829
2025-07-04 14:09:11,829
2025-07-04 15:09:01,829
2025-07-04 16:11:12,829
2025-07-04 17:08:10,829
2025-07-04 18:12:38,829
2025-07-04 19:07:09,829
2025-07-04 20:10:02,829
2025-07-04 21:07:56,829
2025-07-04 22:08:57,830
2025-07-04 23:08:51,830
2025-07-05 00:43:40,830
2025-07-05 02:28:13,830
2025-07-05 03:38:23,830
2025-07-05 04:14:21,830
2025-07-05 05:09:15,830
2025-07-05 06:12:28,830
2025-07-05 07:08:34,830
2025-07-05 08:11:29,830
2025-07-05 09:08:43,830
2025-07-05 10:08:51,830
2025-07-05 11:07:01,831
2025-07-05 12:15:08,831
2025-07-05 13:19:38,831
2025-07-05 14:08:20,831
2025-07-05 15:07:57,831
2025-07-05 16:10:00,831
2025-07-05 17:07:34,831
2025-07-05 18:10:55,831
2025-07-05 19:07:16,831
2025-07-05 20:09:07,831
2025-07-05 21:08:32,831
2025-07-05 22:07:49,831
2025-07-05 23:08:31,831
2025-07-06 00:52:00,831
2025-07-06 02:50:26,831
2025-07-06 03:49:30,831
2025-07-06 04:23:57,831
2025-07-06 05:10:31,831
2025-07-06 06:12:56,831
2025-07-06 07:08:34,831
2025-07-06 08:11:11,831
2025-07-06 09:08:39,831
2025-07-06 10:09:06,831
2025-07-06 11:07:26,831
2025-07-06 12:15:25,831
2025-07-06 13:20:05,831
2025-07-06 14:07:53,831
2025-07-06 15:08:21,831
2025-07-06 16:09:36,831
2025-07-06 17:07:32,831
2025-07-06 18:11:21,831
2025-07-06 19:06:59,831
2025-07-06 20:09:37,831
2025-07-06 21:07:56,831
2025-07-06 22:08:43,831
2025-07-06 23:08:50,831
2025-07-07 00:51:01,831
2025-07-07 02:48:00,831
2025-07-07 03:49:02,831
2025-07-07 04:24:46,831
2025-07-07 05:13:43,831
2025-07-07 06:15:09,831
2025-07-07 07:12:24,831
2025-07-07 08:14:50,831
2025-07-07 09:12:58,831
2025-07-07 10:10:48,831
2025-07-07 11:08:38,831
2025-07-07 12:17:34,831
2025-07-07 13:26:27,831
2025-07-07 14:10:17,831
2025-07-07 15:08:25,831
2025-07-07 16:11:37,831
2025-07-07 17:09:06,831
2025-07-07 18:13:13,831
2025-07-07 19:07:50,831
2025-07-07 20:10:28,831
2025-07-07 21:08:39,831
2025-07-07 22:08:51,831
2025-07-07 23:08:52,832
2025-07-08 00:45:31,832
2025-07-08 02:42:53,832
2025-07-08 03:44:03,832
2025-07-08 04:20:34,832
2025-07-08 05:11:44,832
2025-07-08 06:14:35,832
2025-07-08 07:11:03,832
2025-07-08 08:13:47,832
2025-07-08 09:12:08,832
2025-07-08 10:10:22,832
2025-07-08 11:08:55,832
2025-07-08 12:17:56,832
2025-07-08 13:26:52,832
2025-07-08 14:09:36,832
2025-07-08 15:09:59,832
2025-07-08 16:11:43,832
2025-07-08 17:09:47,832
2025-07-08 18:13:22,832
2025-07-08 19:07:48,832
2025-07-08 20:10:19,832
2025-07-08 21:08:59,832
2025-07-08 22:08:53,832
2025-07-08 23:08:56,832
2025-07-09 00:47:11,832
2025-07-09 02:44:34,832
2025-07-09 03:46:51,832
2025-07-09 04:24:16,832
2025-07-09 05:15:13,832
2025-07-09 06:14:34,832
2025-07-09 07:11:52,832
2025-07-09 08:13:26,832
2025-07-09 09:12:13,832
2025-07-09 10:10:03,832
2025-07-09 11:08:33,832
2025-07-09 12:17:53,832
2025-07-09 13:26:35,832
2025-07-09 14:09:51,832
2025-07-09 15:09:46,832
2025-07-09 16:09:02,832
2025-07-09 17:11:16,832
2025-07-09 18:13:07,832
2025-07-09 19:08:30,832
2025-07-09 20:09:57,832
2025-07-09 21:08:51,832
2025-07-09 22:09:18,832
2025-07-09 23:09:33,832
2025-07-10 00:46:15,832
2025-07-10 02:44:33,832
2025-07-10 03:46:10,832
2025-07-10 04:22:22,832
2025-07-10 05:13:40,832
2025-07-10 06:14:52,832
2025-07-10 07:11:54,832
2025-07-10 08:13:23,832
2025-07-10 09:12:41,832
2025-07-10 10:10:13,832
2025-07-10 11:08:42,832
2025-07-10 12:18:00,832
2025-07-10 13:27:08,832
2025-07-10 14:10:02,832
2025-07-10 15:10:44,832
2025-07-10 16:11:34,832
2025-07-10 17:11:38,832
2025-07-10 18:13:17,832
2025-07-10 19:07:50,832
2025-07-10 20:10:30,832
2025-07-10 21:09:00,832
2025-07-10 22:08:58,832
2025-07-10 23:09:27,832
2025-07-11 00:47:29,832
2025-07-11 02:47:59,832
2025-07-11 03:53:01,832
2025-07-11 04:27:19,832
2025-07-11 05:14:27,832
2025-07-11 06:14:38,832
2025-07-11 07:11:59,832
2025-07-11 08:13:17,832
2025-07-11 09:11:28,832
2025-07-11 10:10:16,832
2025-07-11 11:08:39,832
2025-07-11 12:17:17,832
2025-07-11 13:25:44,832
2025-07-11 14:10:02,832
2025-07-11 15:09:51,832
2025-07-11 16:11:29,832
2025-07-11 17:10:08,832
2025-07-11 18:13:07,832
2025-07-11 19:07:46,832
2025-07-11 20:10:51,832
2025-07-11 21:08:40,832
2025-07-11 22:08:50,832
2025-07-11 23:09:32,832
2025-07-12 00:48:28,832
2025-07-12 02:47:39,832
2025-07-12 03:47:50,832
2025-07-12 04:21:52,832
2025-07-12 05:10:50,832
2025-07-12 06:13:02,832
2025-07-12 07:09:57,832
2025-07-12 08:11:27,832
2025-07-12 09:09:14,832
2025-07-12 10:08:54,832
2025-07-12 11:07:28,832
2025-07-12 12:15:32,832
2025-07-12 13:20:44,832
2025-07-12 14:08:10,832
2025-07-12 15:08:31,832
2025-07-12 16:09:59,832
2025-07-12 17:07:10,832
2025-07-12 18:12:03,832
2025-07-12 19:06:57,832
2025-07-12 20:09:33,832
2025-07-12 21:07:46,832
2025-07-12 22:08:43,832
2025-07-12 23:08:54,832
2025-07-13 00:53:38,832
2025-07-13 02:56:04,832
2025-07-13 03:55:38,832
2025-07-13 04:28:29,832
2025-07-13 05:12:52,832
2025-07-13 06:13:13,832
2025-07-13 07:10:45,832
2025-07-13 08:11:46,833
2025-07-13 09:10:26,833
2025-07-13 10:08:53,833
2025-07-13 11:07:16,833
2025-07-13 12:15:59,833
2025-07-13 13:21:11,833
2025-07-13 14:07:45,833
2025-07-13 15:08:11,833
2025-07-13 16:10:13,834
2025-07-13 17:07:31,834
2025-07-13 18:11:42,834
2025-07-13 19:06:59,834
2025-07-13 20:09:36,834
2025-07-13 21:07:45,834
2025-07-13 22:08:34,834
2025-07-13 23:08:39,834
2025-07-14 00:51:30,834
2025-07-14 02:54:00,834
2025-07-14 03:57:12,834
2025-07-14 04:35:33,834
2025-07-14 05:16:48,834
2025-07-14 06:15:55,834
2025-07-14 07:14:29,834
2025-07-14 08:15:04,834
2025-07-14 09:16:47,834
2025-07-14 10:11:09,834
2025-07-14 11:08:58,834
2025-07-14 12:18:14,834
2025-07-14 13:29:06,834
2025-07-14 14:10:50,834
2025-07-14 15:10:43,834
2025-07-14 16:11:46,834
2025-07-14 17:10:45,834
2025-07-14 18:14:14,834
2025-07-14 19:09:05,834
2025-07-14 20:11:03,834
2025-07-14 21:08:58,834
2025-07-14 22:09:32,834
2025-07-14 23:09:25,834
2025-07-15 00:49:46,834
2025-07-15 02:52:13,835
2025-07-15 03:54:03,835
2025-07-15 04:29:48,835
2025-07-15 05:15:23,835
2025-07-15 06:15:02,835
2025-07-15 07:13:15,835
2025-07-15 08:14:12,835
2025-07-15 09:18:57,835
2025-07-15 10:10:42,835
2025-07-15 11:09:06,835
2025-07-15 12:18:45,835
2025-07-15 13:29:22,835
2025-07-15 14:11:23,835
2025-07-15 15:09:03,835
2025-07-15 16:12:13,835
2025-07-15 17:09:16,835
2025-07-15 18:14:08,835
2025-07-15 19:09:58,835
2025-07-15 20:11:01,835
2025-07-15 21:07:07,835
2025-07-15 22:09:44,835
2025-07-15 23:08:45,835
2025-07-16 00:48:49,835
2025-07-16 02:49:05,835
2025-07-16 03:52:41,835
2025-07-16 04:28:50,835
2025-07-16 05:16:52,835
2025-07-16 06:14:57,835
2025-07-16 07:13:00,835
2025-07-16 08:14:00,835
2025-07-16 09:15:04,835
2025-07-16 10:10:49,835
2025-07-16 11:08:51,835
2025-07-16 12:18:36,835
2025-07-16 13:30:14,835
2025-07-16 14:10:08,835
2025-07-16 15:10:32,835
2025-07-16 16:12:04,835
2025-07-16 17:12:00,835
2025-07-16 18:13:48,835
2025-07-16 19:09:36,835
2025-07-16 20:10:42,835
2025-07-16 21:09:12,835
2025-07-16 22:09:38,835
2025-07-16 23:09:40,835
2025-07-17 00:49:21,835
2025-07-17 02:49:18,835
2025-07-17 03:52:24,835
2025-07-17 04:28:23,835
2025-07-17 05:15:51,835
2025-07-17 06:14:58,835
2025-07-17 07:13:23,835
2025-07-17 08:13:56,835
2025-07-17 09:14:02,835
2025-07-17 10:11:06,835
2025-07-17 11:09:13,836
2025-07-17 12:18:25,836
2025-07-17 13:29:56,836
2025-07-17 14:09:22,836
2025-07-17 15:10:20,836
2025-07-17 16:11:52,836
2025-07-17 17:11:32,836
2025-07-17 18:13:55,836
2025-07-17 19:09:56,836
2025-07-17 20:10:36,836
2025-07-17 21:09:02,836
2025-07-17 22:09:47,836
2025-07-17 23:10:00,836
2025-07-18 00:47:51,836
2025-07-18 02:51:45,836
2025-07-18 03:54:03,836
2025-07-18 04:29:45,836
2025-07-18 05:17:13,836
2025-07-18 06:14:47,836
2025-07-18 07:14:09,836
2025-07-18 08:13:52,836
2025-07-18 09:14:13,836
2025-07-18 10:10:34,836
2025-07-18 11:09:00,836
2025-07-18 12:18:37,836
2025-07-18 13:29:35,836
2025-07-18 14:11:10,836
2025-07-18 15:09:45,836
2025-07-18 16:13:20,836
2025-07-18 17:12:27,836
2025-07-18 18:13:22,836
2025-07-18 19:09:08,836
2025-07-18 20:10:46,836
2025-07-18 21:08:46,837
2025-07-18 22:09:22,837
2025-07-18 23:09:32,837
2025-07-19 00:46:36,837
2025-07-19 02:43:58,837
2025-07-19 03:46:34,837
2025-07-19 04:21:24,837
2025-07-19 05:12:56,837
2025-07-19 06:13:18,837
2025-07-19 07:09:25,837
2025-07-19 08:11:57,837
2025-07-19 09:09:17,838
2025-07-19 10:09:28,838
2025-07-19 11:07:46,838
2025-07-19 12:15:56,838
2025-07-19 13:22:13,838
2025-07-19 14:08:07,838
2025-07-19 15:08:46,838
2025-07-19 16:10:16,842
2025-07-19 17:07:59,842
2025-07-19 18:12:16,842
2025-07-19 19:06:59,842
2025-07-19 20:09:52,842
2025-07-19 21:07:58,842
2025-07-19 22:08:58,842
2025-07-19 23:09:14,843
2025-07-20 00:54:36,843
2025-07-20 02:59:29,843
2025-07-20 04:04:13,843
2025-07-20 05:16:33,843
2025-07-20 06:13:43,843
2025-07-20 07:08:48,843
2025-07-20 08:12:03,843
2025-07-20 09:09:29,843
2025-07-20 10:09:38,843
2025-07-20 11:07:24,843
2025-07-20 12:16:27,843
2025-07-20 13:23:23,843
2025-07-20 14:08:01,843
2025-07-20 15:08:45,843
2025-07-20 16:10:21,843
2025-07-20 17:07:45,843
2025-07-20 18:12:08,843
2025-07-20 19:06:54,843
2025-07-20 20:10:08,843
2025-07-20 21:08:14,843
2025-07-20 22:08:50,843
2025-07-20 23:08:57,843
2025-07-21 00:52:51,845
2025-07-21 02:57:59,845
2025-07-21 04:02:12,845
2025-07-21 05:18:36,845
2025-07-21 06:15:45,845
2025-07-21 07:17:39,845
2025-07-21 08:15:36,845
2025-07-21 09:17:55,845
2025-07-21 10:11:23,845
2025-07-21 11:09:14,845
2025-07-21 12:19:09,845
2025-07-21 13:31:38,845
2025-07-21 14:12:32,845
2025-07-21 15:10:25,845
2025-07-21 16:11:17,845
2025-07-21 17:12:06,845
2025-07-21 18:14:04,846
2025-07-21 19:09:59,846
2025-07-21 20:10:51,846
2025-07-21 21:09:09,846
2025-07-21 22:09:56,846
2025-07-21 23:09:25,846
2025-07-22 00:49:12,846
2025-07-22 02:51:04,846
2025-07-22 03:54:05,847
2025-07-22 04:29:36,847
2025-07-22 05:15:53,847
2025-07-22 06:15:04,847
2025-07-22 07:14:20,847
2025-07-22 08:14:33,847
2025-07-22 09:14:54,847
2025-07-22 10:10:48,847
2025-07-22 11:08:58,847
2025-07-22 12:18:38,847
2025-07-22 13:31:04,847
2025-07-22 14:12:46,847
2025-07-22 15:10:23,847
2025-07-22 16:12:23,847
2025-07-22 17:12:17,847
2025-07-22 18:13:51,847
2025-07-22 19:10:14,847
2025-07-22 20:11:12,847
2025-07-22 21:09:06,847
2025-07-22 22:09:25,847
2025-07-22 23:09:24,847
2025-07-23 00:50:01,847
2025-07-23 02:52:05,847
2025-07-23 03:55:43,847
2025-07-23 04:32:20,847
2025-07-23 05:18:57,847
2025-07-23 06:15:30,847
2025-07-23 07:14:57,847
2025-07-23 08:14:19,847
2025-07-23 09:15:26,847
2025-07-23 10:10:50,847
2025-07-23 11:09:20,847
2025-07-23 12:18:47,847
2025-07-23 13:31:22,847
2025-07-23 14:12:27,847
2025-07-23 15:11:02,847
2025-07-23 16:12:32,847
2025-07-23 17:13:02,847
2025-07-23 18:13:34,847
2025-07-23 19:10:10,848
2025-07-23 20:10:54,848
2025-07-23 21:09:40,848
2025-07-23 22:09:40,848
2025-07-23 23:09:41,848
2025-07-24 00:49:26,848
2025-07-24 02:51:07,848
2025-07-24 03:54:36,848
2025-07-24 04:30:02,848
2025-07-24 05:16:37,848
2025-07-24 06:15:10,848
2025-07-24 07:14:03,848
2025-07-24 08:14:10,848
2025-07-24 09:14:37,848
2025-07-24 10:11:11,848
2025-07-24 11:09:17,848
2025-07-24 12:18:55,848
2025-07-24 13:30:51,848
2025-07-24 14:12:19,848
2025-07-24 15:10:09,848
2025-07-24 16:11:44,848
2025-07-24 17:10:29,848
2025-07-24 18:14:00,848
2025-07-24 19:09:48,848
2025-07-24 20:09:19,848
2025-07-24 21:09:30,848
2025-07-24 22:09:52,848
2025-07-24 23:09:43,848
2025-07-25 00:48:53,848
2025-07-25 02:50:57,848
2025-07-25 03:54:19,848
2025-07-25 04:29:47,848
2025-07-25 05:18:14,848
2025-07-25 06:15:16,848
2025-07-25 07:14:20,848
2025-07-25 08:13:48,848
2025-07-25 09:13:51,848
2025-07-25 10:10:35,848
2025-07-25 11:09:05,848
2025-07-25 12:18:09,848
2025-07-25 13:29:11,848
2025-07-25 14:10:47,848
2025-07-25 15:10:21,848
2025-07-25 16:11:40,848
2025-07-25 17:11:15,848
2025-07-25 18:13:33,848
2025-07-25 19:09:43,848
2025-07-25 20:10:26,848
2025-07-25 21:08:52,848
2025-07-25 22:09:06,848
2025-07-25 23:09:35,848
2025-07-26 00:46:49,848
2025-07-26 02:45:21,848
2025-07-26 03:51:44,848
2025-07-26 04:26:33,848
2025-07-26 05:14:22,848
2025-07-26 06:13:03,848
2025-07-26 07:10:12,848
2025-07-26 08:11:54,848
2025-07-26 09:09:24,848
2025-07-26 10:09:22,848
2025-07-26 11:08:00,848
2025-07-26 12:16:04,848
2025-07-26 13:22:40,848
2025-07-26 14:08:23,848
2025-07-26 15:08:43,848
2025-07-26 16:10:18,848
2025-07-26 17:07:35,848
2025-07-26 18:12:14,848
2025-07-26 19:07:09,848
2025-07-26 20:09:27,848
2025-07-26 21:07:56,848
2025-07-26 22:08:56,855
2025-07-26 23:09:05,855
2025-07-27 00:54:50,855
2025-07-27 03:01:03,855
2025-07-27 04:34:32,855
2025-07-27 05:16:44,855
2025-07-27 06:13:47,855
2025-07-27 07:10:18,855
2025-07-27 08:12:03,855
2025-07-27 09:09:54,855
2025-07-27 10:09:25,855
2025-07-27 11:07:39,855
2025-07-27 12:16:55,855
2025-07-27 13:23:41,855
2025-07-27 14:07:56,855
2025-07-27 15:08:40,855
2025-07-27 16:10:26,855
2025-07-27 17:08:00,855
2025-07-27 18:12:16,855
2025-07-27 19:08:04,855
2025-07-27 20:10:14,855
2025-07-27 21:08:27,855
2025-07-27 22:08:51,855
2025-07-27 23:09:00,855
2025-07-28 00:53:38,855
2025-07-28 02:58:59,855
2025-07-28 04:04:47,855
2025-07-28 05:19:51,855
2025-07-28 06:17:25,855
2025-07-28 07:16:37,855
2025-07-28 08:15:39,855
2025-07-28 09:16:57,855
2025-07-28 10:11:30,855
2025-07-28 11:09:06,855
2025-07-28 12:18:56,855
2025-07-28 13:32:16,855
2025-07-28 14:13:19,855
2025-07-28 15:11:27,855
2025-07-28 16:12:29,855
2025-07-28 17:13:20,855
2025-07-28 18:14:10,855
2025-07-28 19:11:10,855
2025-07-28 20:11:03,855
2025-07-28 21:09:20,855
2025-07-28 22:09:46,856
2025-07-28 23:10:06,856
2025-07-29 00:54:52,856
2025-07-29 03:02:58,856
2025-07-29 04:37:59,856
2025-07-29 05:20:14,856
2025-07-29 06:15:59,856
2025-07-29 07:15:11,856
2025-07-29 08:14:20,856
2025-07-29 09:15:37,856
2025-07-29 10:10:49,856
2025-07-29 11:09:23,856
2025-07-29 12:19:25,856
2025-07-29 13:33:23,856
2025-07-29 14:14:44,856
2025-07-29 15:13:03,856
2025-07-29 16:12:21,856
2025-07-29 17:13:51,856
2025-07-29 18:14:42,856
2025-07-29 19:12:57,856
2025-07-29 20:11:04,856
2025-07-29 21:09:28,856
2025-07-29 22:09:50,858
2025-07-29 23:09:32,858
2025-07-30 00:50:26,858
2025-07-30 02:55:05,858
2025-07-30 03:59:00,858
2025-07-30 04:41:00,858
2025-07-30 05:20:33,858
2025-07-30 06:16:28,858
2025-07-30 07:15:48,858
2025-07-30 08:14:30,858
2025-07-30 09:17:03,858
2025-07-30 10:11:52,858
2025-07-30 11:09:08,858
2025-07-30 12:19:17,858
2025-07-30 13:33:01,858
2025-07-30 14:11:45,858
2025-07-30 15:10:27,858
2025-07-30 16:12:31,858
2025-07-30 17:11:55,858
2025-07-30 18:14:07,858
2025-07-30 19:11:17,858
2025-07-30 20:09:45,858
2025-07-30 21:09:03,858
2025-07-30 22:09:31,858
2025-07-30 23:09:53,858
2025-07-31 00:50:21,862
2025-07-31 02:54:25,865
2025-07-31 03:58:06,865
2025-07-31 04:37:47,865
2025-07-31 05:18:34,865
2025-07-31 06:15:33,865
2025-07-31 07:14:58,865
2025-07-31 08:14:46,865
2025-07-31 09:16:03,865
2025-07-31 10:10:55,865
2025-07-31 11:09:09,865
2025-07-31 12:17:08,865
2025-07-31 13:31:16,865
2025-07-31 14:12:34,865
2025-07-31 15:10:47,865
2025-07-31 16:12:49,865
2025-07-31 17:12:11,865
2025-07-31 18:14:30,865
2025-07-31 19:11:28,865
2025-07-31 20:10:55,865
2025-07-31 21:09:19,865
2025-07-31 22:09:31,865
2025-07-31 23:09:52,865
2025-08-01 00:56:31,865
2025-08-01 03:08:04,865
2025-08-01 04:44:15,865
2025-08-01 05:23:16,865
2025-08-01 06:17:28,865
2025-08-01 07:16:33,865
2025-08-01 08:14:18,865
2025-08-01 09:15:29,865
2025-08-01 10:10:56,865
2025-08-01 11:09:08,865
2025-08-01 12:18:47,865
2025-08-01 13:30:38,865
2025-08-01 14:12:35,865
2025-08-01 15:10:34,865
2025-08-01 16:12:14,865
2025-08-01 17:12:57,865
2025-08-01 18:14:09,865
2025-08-01 19:10:28,865
2025-08-01 20:10:43,865
2025-08-01 21:08:59,865
2025-08-01 22:09:22,865
2025-08-01 23:09:29,865
2025-08-02 00:46:57,865
2025-08-02 02:46:36,865
2025-08-02 03:50:06,865
2025-08-02 04:25:19,865
2025-08-02 05:14:36,865
2025-08-02 06:13:12,865
2025-08-02 07:09:53,865
2025-08-02 08:12:02,865
2025-08-02 09:10:30,865
2025-08-02 10:09:19,865
2025-08-02 11:07:52,865
2025-08-02 12:16:25,865
2025-08-02 13:23:30,865
2025-08-02 14:08:40,865
2025-08-02 15:08:38,865
2025-08-02 16:10:18,865
2025-08-02 17:08:15,865
2025-08-02 18:12:38,865
2025-08-02 19:07:32,865
2025-08-02 20:09:35,865
2025-08-02 21:07:52,865
2025-08-02 22:08:49,865
2025-08-02 23:09:39,865
2025-08-03 00:55:38,865
2025-08-03 03:04:27,865
2025-08-03 04:38:57,865
2025-08-03 05:18:40,865
2025-08-03 06:14:02,865
2025-08-03 07:10:11,865
2025-08-03 08:12:02,865
2025-08-03 09:09:36,865
2025-08-03 10:09:31,865
2025-08-03 11:07:55,865
2025-08-03 12:16:47,865
2025-08-03 13:25:50,865
2025-08-03 14:08:23,865
2025-08-03 15:08:49,865
2025-08-03 16:10:39,865
2025-08-03 17:08:54,865
2025-08-03 18:12:50,865
2025-08-03 19:08:10,865
2025-08-03 20:10:34,865
2025-08-03 21:08:35,865
2025-08-03 22:09:05,865
2025-08-03 23:09:23,866
2025-08-04 00:55:13,867
2025-08-04 03:06:04,867
2025-08-04 04:47:41,867
2025-08-04 05:29:06,867
2025-08-04 06:21:16,867
2025-08-04 07:20:00,867
2025-08-04 08:15:24,867
2025-08-04 09:20:04,867
2025-08-04 10:13:19,867
2025-08-04 11:10:29,867
2025-08-04 12:19:38,867
2025-08-04 13:34:25,867
2025-08-04 14:14:54,867
2025-08-04 15:11:13,867
2025-08-04 16:13:44,867
2025-08-04 17:15:36,867
2025-08-04 18:14:37,867
2025-08-04 19:12:15,867
2025-08-04 20:11:31,867
2025-08-04 21:09:43,867
2025-08-04 22:09:44,867
2025-08-04 23:09:48,867
2025-08-05 00:51:41,867
2025-08-05 02:58:10,867
2025-08-05 04:05:34,867
2025-08-05 05:20:42,867
2025-08-05 06:17:15,867
2025-08-05 07:16:56,867
2025-08-05 08:14:41,867
2025-08-05 09:16:53,870
2025-08-05 10:11:35,870
2025-08-05 11:09:58,870
2025-08-05 12:19:52,870
2025-08-05 15:12:43,870
2025-08-05 16:10:28,870
2025-08-05 17:09:42,870
2025-08-05 18:15:29,870
2025-08-05 19:13:33,870
2025-08-05 20:10:56,870
2025-08-05 21:09:08,870
2025-08-05 22:10:15,870
2025-08-05 23:09:45,870
2025-08-06 00:50:42,870
2025-08-06 02:56:14,870
2025-08-06 04:00:49,870
2025-08-06 05:21:44,870
2025-08-06 06:17:15,870
2025-08-06 07:16:19,870
2025-08-06 08:14:37,870
2025-08-06 09:17:16,870
2025-08-06 10:11:41,870
2025-08-06 11:09:38,870
2025-08-06 12:19:54,870
2025-08-06 13:34:56,870
2025-08-06 14:14:05,870
2025-08-06 15:12:04,870
2025-08-06 16:13:12,870
2025-08-06 17:14:00,870
2025-08-06 18:14:33,870
2025-08-06 19:11:56,870
2025-08-06 20:11:05,870
2025-08-06 21:09:11,870
2025-08-06 22:10:07,870
2025-08-06 23:09:43,870
2025-08-07 00:51:26,870
2025-08-07 02:56:31,870
2025-08-07 04:01:02,870
2025-08-07 05:20:21,870
2025-08-07 06:16:41,870
2025-08-07 07:16:20,870
2025-08-07 08:14:37,870
2025-08-07 09:16:09,870
2025-08-07 10:10:55,870
2025-08-07 11:09:43,870
2025-08-07 12:19:38,870
2025-08-07 13:33:24,870
2025-08-07 14:14:18,870
2025-08-07 15:11:56,870
2025-08-07 16:12:54,870
2025-08-07 17:13:15,870
2025-08-07 18:14:43,870
2025-08-07 19:12:11,870
2025-08-07 20:10:59,870
2025-08-07 21:07:49,870
2025-08-07 22:09:49,870
2025-08-07 23:10:21,870
2025-08-08 00:50:57,870
2025-08-08 02:55:56,870
2025-08-08 04:00:13,870
2025-08-08 04:45:49,870
2025-08-08 05:20:27,870
2025-08-08 06:16:37,870
2025-08-08 07:16:34,870
2025-08-08 08:14:18,870
2025-08-08 09:16:01,870
2025-08-08 10:10:47,870
2025-08-08 11:08:58,870
2025-08-08 12:19:02,870
2025-08-08 13:31:33,870
2025-08-08 14:12:48,870
2025-08-08 15:10:27,870
2025-08-08 16:10:32,870
2025-08-08 17:08:23,870
2025-08-08 18:12:06,870
2025-08-08 19:08:11,870
2025-08-08 20:10:42,870
2025-08-08 21:08:20,870
2025-08-08 22:08:58,870
2025-08-08 23:09:09,870
2025-08-09 00:44:56,870
2025-08-09 02:41:39,870
2025-08-09 03:43:46,870
2025-08-09 04:19:29,870
2025-08-09 05:10:13,870
2025-08-09 06:13:14,870
2025-08-09 07:09:12,870
2025-08-09 08:11:42,870
2025-08-09 09:09:22,870
2025-08-09 10:08:54,870
2025-08-09 11:07:29,870
2025-08-09 12:16:01,870
2025-08-09 13:21:46,870
2025-08-09 14:08:11,870
2025-08-09 15:08:15,870
2025-08-09 16:10:21,870
2025-08-09 17:07:30,870
2025-08-09 18:12:25,870
2025-08-09 19:06:41,870
2025-08-09 20:09:29,870
2025-08-09 21:07:54,871
2025-08-09 22:08:41,871
2025-08-09 23:09:01,871
2025-08-10 00:53:54,872
2025-08-10 02:58:20,872
2025-08-10 04:01:40,872
2025-08-10 05:14:42,872
2025-08-10 06:13:31,872
2025-08-10 07:08:52,872
2025-08-10 08:11:58,872
2025-08-10 09:09:20,872
2025-08-10 10:09:16,872
2025-08-10 11:07:24,872
2025-08-10 12:16:31,872
2025-08-10 13:22:15,872
2025-08-10 14:08:09,872
2025-08-10 15:08:16,872
2025-08-10 16:10:19,872
2025-08-10 17:07:22,872
2025-08-10 18:11:43,872
2025-08-10 19:07:02,872
2025-08-10 20:09:49,872
2025-08-10 21:07:59,872
2025-08-10 22:08:58,872
2025-08-10 23:09:02,872
2025-08-11 00:52:12,872
2025-08-11 02:55:41,872
2025-08-11 03:59:53,872
2025-08-11 04:43:05,872
2025-08-11 05:19:10,872
2025-08-11 06:16:31,872
2025-08-11 07:16:06,872
2025-08-11 08:15:16,872
2025-08-11 09:15:18,872
2025-08-11 10:11:12,872
2025-08-11 11:09:21,872
2025-08-11 12:18:51,872
2025-08-11 13:30:33,872
2025-08-11 14:12:04,872
2025-08-11 15:11:01,872
2025-08-11 16:11:55,872
2025-08-11 17:11:40,872
2025-08-11 18:14:07,872
2025-08-11 19:10:18,872
2025-08-11 20:10:33,872
2025-08-11 21:09:14,872
2025-08-11 22:08:59,872
2025-08-11 23:08:49,873
2025-08-12 00:45:14,873
2025-08-12 02:40:11,873
2025-08-12 03:42:05,873
2025-08-12 04:18:19,873
2025-08-12 05:10:24,873
2025-08-12 06:14:58,873
2025-08-12 07:11:28,873
2025-08-12 08:13:39,873
2025-08-12 09:12:06,873
2025-08-12 10:10:25,873
2025-08-12 11:08:35,873
2025-08-12 12:17:53,873
2025-08-12 13:26:55,873
2025-08-12 14:10:07,873
2025-08-12 15:10:05,873
2025-08-12 16:11:39,873
2025-08-12 17:10:36,873
2025-08-12 18:14:57,873
2025-08-12 19:08:28,873
2025-08-12 20:10:28,873
2025-08-12 21:08:50,873
2025-08-12 22:08:51,873
2025-08-12 23:09:08,873
2025-08-13 00:46:23,873
2025-08-13 02:42:16,873
2025-08-13 03:44:16,873
2025-08-13 04:20:41,873
2025-08-13 05:12:09,873
2025-08-13 06:14:53,873
2025-08-13 07:12:02,873
2025-08-13 08:13:27,873
2025-08-13 09:12:33,873
2025-08-13 10:10:17,873
2025-08-13 11:08:37,873
2025-08-13 12:18:12,873
2025-08-13 13:28:12,873
2025-08-13 14:10:56,878
2025-08-13 15:08:33,879
2025-08-13 16:08:16,879
2025-08-13 17:07:20,879
2025-08-13 18:13:53,879
2025-08-13 19:07:52,879
2025-08-13 20:10:09,879
2025-08-13 21:08:40,879
2025-08-13 22:09:37,879
2025-08-13 23:09:03,879
2025-08-14 00:46:03,879
2025-08-14 02:43:33,879
2025-08-14 03:44:49,879
2025-08-14 04:20:17,879
2025-08-14 05:11:38,879
2025-08-14 06:14:50,879
2025-08-14 07:12:05,879
2025-08-14 08:13:46,879
2025-08-14 09:12:51,879
2025-08-14 10:10:27,879
2025-08-14 11:08:41,879
2025-08-14 12:18:28,879
2025-08-14 13:28:38,879
2025-08-14 14:09:43,879
2025-08-14 15:10:08,879
2025-08-14 16:12:01,880
2025-08-14 17:09:04,880
2025-08-14 18:13:32,880
2025-08-14 19:08:45,880
2025-08-14 20:10:51,880
2025-08-14 21:08:46,880
2025-08-14 22:08:48,880
2025-08-14 23:08:58,880
2025-08-15 00:46:51,880
2025-08-15 02:44:50,880
2025-08-15 03:45:33,880
2025-08-15 04:21:12,880
2025-08-15 05:11:18,880
2025-08-15 06:14:32,880
2025-08-15 07:11:03,880
2025-08-15 08:13:23,880
2025-08-15 09:10:16,880
2025-08-15 10:09:51,880
2025-08-15 11:08:06,880
2025-08-15 12:17:14,880
2025-08-15 13:23:26,880
2025-08-15 14:09:32,880
2025-08-15 15:09:24,880
2025-08-15 16:11:04,881
2025-08-15 17:08:17,881
2025-08-15 18:13:28,881
2025-08-15 19:07:24,881
2025-08-15 20:10:03,881
2025-08-15 21:07:49,881
2025-08-15 22:09:08,881
2025-08-15 23:09:05,884
2025-08-16 00:43:31,884
2025-08-16 02:28:11,884
2025-08-16 03:39:13,884
2025-08-16 04:14:26,884
2025-08-16 05:09:33,884
2025-08-16 06:12:54,884
2025-08-16 08:11:36,884
2025-08-16 09:09:19,885
2025-08-16 10:08:31,885
2025-08-16 11:07:01,885
2025-08-16 12:15:27,885
2025-08-16 13:19:28,885
2025-08-16 14:07:34,885
2025-08-16 15:07:46,886
2025-08-16 16:09:35,886
2025-08-16 17:07:00,886
